{"cameraMode":{"drawMode":0,"name":"Shaded","section":"Shading Mode"},"sceneLighting":false,"audioPlay":false,"sceneViewState":{"m_AlwaysRefresh":false,"showFog":true,"showSkybox":false,"showFlares":true,"showImageEffects":true,"showParticleSystems":true,"showVisualEffectGraphs":true,"m_FxEnabled":true},"in2DMode":false,"pivot":{"x":1.7599999904632569,"y":0.7699999809265137,"z":-0.6000000238418579},"rotation":{"x":-0.07590555399656296,"y":-0.9067915081977844,"z":0.18560850620269776,"w":-0.3708387613296509},"size":0.8660253882408142,"orthographic":true}