{"cameraMode":{"drawMode":0,"name":"Shaded","section":"Shading Mode"},"sceneLighting":true,"audioPlay":false,"sceneViewState":{"showFog":true,"showMaterialUpdate":false,"showSkybox":true,"showFlares":true,"showImageEffects":true,"showParticleSystems":true},"in2DMode":false,"pivot":{"x":-0.03811037540435791,"y":0.9991557598114014,"z":-0.07820111513137818},"rotation":{"x":-0.02647284045815468,"y":0.9607734084129334,"z":-0.09864072501659394,"w":-0.25785011053085329},"size":1.0987465381622315,"orthographic":false}