{"cameraMode":{"drawMode":0,"name":"Shaded","section":"Shading Mode"},"sceneLighting":false,"audioPlay":false,"sceneViewState":{"showFog":true,"showMaterialUpdate":false,"showSkybox":false,"showFlares":true,"showImageEffects":true,"showParticleSystems":true},"in2DMode":false,"pivot":{"x":-6.82186222076416,"y":-0.039999961853027347,"z":-21.735973358154298},"rotation":{"x":-0.09929659962654114,"y":0.8818696141242981,"z":-0.21469588577747346,"w":-0.407863587141037},"size":5.985694408416748,"orthographic":false}