{"cameraMode":{"drawMode":0,"name":"Shaded","section":"Shading Mode"},"sceneLighting":true,"audioPlay":false,"sceneViewState":{"showFog":true,"showMaterialUpdate":false,"showSkybox":true,"showFlares":true,"showImageEffects":true,"showParticleSystems":true},"in2DMode":false,"pivot":{"x":39.804840087890628,"y":38.56725311279297,"z":-22.98133087158203},"rotation":{"x":-0.07590555399656296,"y":-0.9067915081977844,"z":0.18560850620269776,"w":-0.3708387613296509},"size":10.0,"orthographic":true}